x,y,z
2.68513,1.14047,-19.6974
2.68513,1.17307,-19.9603
2.68513,1.20568,-39.6464
2.68513,1.23829,-39.7768
2.68513,1.2709,-38.8185
2.68513,1.30351,-38.4801
2.68513,1.33612,-37.4492
2.68513,1.36873,-4.58428
2.68513,1.40134,-5.66162
2.68513,1.43394,-5.98007
2.68513,1.46655,-12.1784
2.68513,1.49916,-12.944
2.68513,1.53177,-13.1167
2.68513,1.56438,-18.8787
2.68513,1.59699,-18.6036
2.68513,1.6296,-34.6613
2.68513,1.6622,-34.4833
2.68513,1.69481,-22.227
2.68513,1.72742,-23.3018
2.68513,1.76003,-10.582
2.68513,1.79264,-11.4396
2.68513,1.82525,-6.65614
2.68513,1.85786,-6.95704
2.68513,1.89047,-7.0017
2.68513,1.92307,-4.64784
2.68513,1.95568,-4.29049
2.68513,1.98829,-5.87662
2.68513,2.0209,-7.31415
2.68513,2.05351,-7.10965
2.68513,2.08612,-40.115
2.68513,2.11873,-40.0432
2.68513,2.15134,-20.0008
2.68513,2.18394,-35.2818
2.68513,2.21655,-12.2175
2.68513,2.24916,-13.8641
2.68513,2.28177,-14.0851
2.68513,2.31438,-10.1812
2.68513,2.34699,-10.544
2.68513,2.3796,-9.17624
2.71774,1.14047,-19.9329
2.71774,1.17307,-20.1948
2.71774,1.20568,-39.6945
2.71774,1.23829,-39.8202
2.71774,1.2709,-23.9009
2.71774,1.30351,-38.6693
2.71774,1.33612,-37.7117
2.71774,1.36873,-5.07806
2.71774,1.40134,-4.3568
2.71774,1.43394,-2.40346
2.71774,1.46655,-3.53077
2.71774,1.49916,-12.949
2.71774,1.53177,0.997512
2.71774,1.56438,-10.6343
2.71774,1.59699,-10.191
2.71774,1.6296,-26.2738
2.71774,1.6622,-25.9108
2.71774,1.69481,-26.459
2.71774,1.72742,-22.866
2.71774,1.76003,-10.263
2.71774,1.79264,-3.59836
2.71774,1.82525,-4.31886
2.71774,1.85786,-1.31144
2.71774,1.89047,-1.31927
2.71774,1.92307,0.131799
2.71774,1.95568,0.648823
2.71774,1.98829,-5.50404
2.71774,2.0209,-7.51518
2.71774,2.05351,-7.24429
2.71774,2.08612,-39.9389
2.71774,2.11873,-16.1769
2.71774,2.15134,-8.03011
2.71774,2.18394,-8.08726
2.71774,2.21655,-12.4204
2.71774,2.24916,-13.9248
2.71774,2.28177,-7.70029
2.71774,2.31438,-7.95401
2.71774,2.34699,-8.92372
2.71774,2.3796,-9.24498
2.75034,1.14047,-6.69276
2.75034,1.17307,-10.3785
2.75034,1.20568,-10.2757
2.75034,1.23829,-24.076
2.75034,1.2709,-23.9704
2.75034,1.30351,-23.4332
2.75034,1.33612,-5.37869
2.75034,1.36873,-4.59127
2.75034,1.40134,-3.14063
2.75034,1.43394,3.09917
2.75034,1.46655,2.08608
2.75034,1.49916,0.0170317
2.75034,1.53177,1.39292
2.75034,1.56438,1.66431
2.75034,1.59699,-5.01393
2.75034,1.6296,-4.3899
2.75034,1.6622,-25.7251
2.75034,1.69481,-14.1201
2.75034,1.72742,-15.2256
2.75034,1.76003,-6.67725
2.75034,1.79264,-3.20343
2.75034,1.82525,-4.063
2.75034,1.85786,-1.03878
2.75034,1.89047,-5.97767
2.75034,1.92307,-5.72726
2.75034,1.95568,-5.16924
2.75034,1.98829,-8.06821
2.75034,2.0209,-7.80156
2.75034,2.05351,-7.49236
2.75034,2.08612,-44.6846
2.75034,2.11873,-15.8172
2.75034,2.15134,-7.73693
2.75034,2.18394,-7.9223
2.75034,2.21655,-7.31356
2.75034,2.24916,-7.3886
2.75034,2.28177,-7.75603
2.75034,2.31438,-7.95898
2.75034,2.34699,-7.71859
2.75034,2.3796,-9.07308
2.78295,1.14047,-7.16404
2.78295,1.17307,-12.7717
2.78295,1.20568,-16.7018
2.78295,1.23829,-16.6752
2.78295,1.2709,-55.5076
2.78295,1.30351,-13.0411
2.78295,1.33612,-12.4388
2.78295,1.36873,-5.00613
2.78295,1.40134,-3.96494
2.78295,1.43394,2.44436
2.78295,1.46655,1.9576
2.78295,1.49916,-0.0249326
2.78295,1.53177,1.81043
2.78295,1.56438,-0.951621
2.78295,1.59699,-0.707103
2.78295,1.6296,-10.7155
2.78295,1.6622,-10.4596
2.78295,1.69481,-14.1826
2.78295,1.72742,-15.1018
2.78295,1.76003,-6.53191
2.78295,1.79264,-7.56181
2.78295,1.82525,-4.11727
2.78295,1.85786,-4.55311
2.78295,1.89047,-4.62527
2.78295,1.92307,-3.55093
2.78295,1.95568,-3.16743
2.78295,1.98829,-7.26738
2.78295,2.0209,-6.8589
2.78295,2.05351,-6.62086
2.78295,2.08612,-44.7772
2.78295,2.11873,-44.8684
2.78295,2.15134,-20.9993
2.78295,2.18394,-7.99858
2.78295,2.21655,-7.47292
2.78295,2.24916,-7.77011
2.78295,2.28177,-4.74722
2.78295,2.31438,-4.75475
2.78295,2.34699,-7.69015
2.78295,2.3796,-7.82538
2.81556,1.14047,-7.45906
2.81556,1.17307,-13.0999
2.81556,1.20568,-17.0341
2.81556,1.23829,-56.1898
2.81556,1.2709,-56.023
2.81556,1.30351,-55.8327
2.81556,1.33612,-4.25128
2.81556,1.36873,-3.58392
2.81556,1.40134,-1.52724
2.81556,1.43394,-1.47806
2.81556,1.46655,-0.0485038
2.81556,1.49916,0.112894
2.81556,1.53177,-1.13953
2.81556,1.56438,-0.831416
2.81556,1.59699,-0.910583
2.81556,1.6296,-6.00175
2.81556,1.6622,-11.1492
2.81556,1.69481,-15.1773
2.81556,1.72742,-54.3999
2.81556,1.76003,-6.62465
2.81556,1.79264,-8.5563
2.81556,1.82525,-9.27683
2.81556,1.85786,-14.5892
2.81556,1.89047,-14.6479
2.81556,1.92307,-8.14756
2.81556,1.95568,-7.8196
2.81556,1.98829,-16.9744
2.81556,2.0209,-16.7466
2.81556,2.05351,-16.5262
2.81556,2.08612,-45.1845
2.81556,2.11873,-61.9845
2.81556,2.15134,-21.0237
2.81556,2.18394,-21.2269
2.81556,2.21655,-7.4015
2.81556,2.24916,-7.2921
2.81556,2.28177,-7.40819
2.81556,2.31438,-7.42886
2.81556,2.34699,-7.38316
2.81556,2.3796,-7.45633
2.84817,1.14047,-36.0833
2.84817,1.17307,-62.2504
2.84817,1.20568,-62.3081
2.84817,1.23829,-62.2004
2.84817,1.2709,-56.1324
2.84817,1.30351,-19.0253
2.84817,1.33612,-18.7354
2.84817,1.36873,-4.54487
2.84817,1.40134,-5.69411
2.84817,1.43394,-4.38165
2.84817,1.46655,-0.272453
2.84817,1.49916,0.072845
2.84817,1.53177,0.684888
2.84817,1.56438,1.01337
2.84817,1.59699,0.458524
2.84817,1.6296,-6.56574
2.84817,1.6622,-6.68921
2.84817,1.69481,-54.6354
2.84817,1.72742,-54.6751
2.84817,1.76003,-61.2412
2.84817,1.79264,-55.9236
2.84817,1.82525,-56.7012
2.84817,1.85786,-14.4589
2.84817,1.89047,-57.1948
2.84817,1.92307,-27.516
2.84817,1.95568,-27.2667
2.84817,1.98829,-12.8661
2.84817,2.0209,-12.7967
2.84817,2.05351,-12.7474
2.84817,2.08612,-9.76364
2.84817,2.11873,-62.36
2.84817,2.15134,-21.238
2.84817,2.18394,-21.2636
2.84817,2.21655,-49.3677
2.84817,2.24916,-49.4855
2.84817,2.28177,-6.92743
2.84817,2.31438,-9.88084
2.84817,2.34699,-10.0343
2.84817,2.3796,-9.64625
2.88078,1.14047,-36.0017
2.88078,1.17307,-62.0578
2.88078,1.20568,-46.4596
2.88078,1.23829,-46.5719
2.88078,1.2709,-56.2122
2.88078,1.30351,-13.9995
2.88078,1.33612,-16.4216
2.88078,1.36873,-8.32289
2.88078,1.40134,-7.88115
2.88078,1.43394,-4.96011
2.88078,1.46655,-0.76357
2.88078,1.49916,-0.209522
2.88078,1.53177,-0.365638
2.88078,1.56438,-0.167106
2.88078,1.59699,-0.691025
2.88078,1.6296,-7.26617
2.88078,1.6622,-8.92789
2.88078,1.69481,-8.81651
2.88078,1.72742,-55.1562
2.88078,1.76003,-61.3176
2.88078,1.79264,-52.3227
2.88078,1.82525,-53.061
2.88078,1.85786,-57.102
2.88078,1.89047,-57.1803
2.88078,1.92307,-23.8678
2.88078,1.95568,-14.1984
2.88078,1.98829,-14.1549
2.88078,2.0209,-11.447
2.88078,2.05351,-10.4119
2.88078,2.08612,-10.4422
2.88078,2.11873,-42.2217
2.88078,2.15134,-53.5843
2.88078,2.18394,-53.2828
2.88078,2.21655,-49.3007
2.88078,2.24916,-49.2825
2.88078,2.28177,-11.0182
2.88078,2.31438,-9.42717
2.88078,2.34699,-9.56575
2.88078,2.3796,-9.31082
2.91339,1.14047,-61.923
2.91339,1.17307,-61.9236
2.91339,1.20568,-46.352
2.91339,1.23829,-55.9997
2.91339,1.2709,-56.3044
2.91339,1.30351,-56.5997
2.91339,1.33612,-16.7997
2.91339,1.36873,-8.69517
2.91339,1.40134,-7.6834
2.91339,1.43394,-7.34957
2.91339,1.46655,-7.73165
2.91339,1.49916,-7.36849
2.91339,1.53177,-2.83609
2.91339,1.56438,-1.09987
2.91339,1.59699,-1.45092
2.91339,1.6296,-2.64021
2.91339,1.6622,-9.65926
2.91339,1.69481,-9.19433
2.91339,1.72742,-9.06374
2.91339,1.76003,-20.9196
2.91339,1.79264,-52.3795
2.91339,1.82525,-52.9995
2.91339,1.85786,-56.8957
2.91339,1.89047,-15.1903
2.91339,1.92307,-18.4518
2.91339,1.95568,-18.4393
2.91339,1.98829,-15.4865
2.91339,2.0209,-15.5104
2.91339,2.05351,-15.7009
2.91339,2.08612,-42.7695
2.91339,2.11873,-42.7105
2.91339,2.15134,-42.3884
2.91339,2.18394,-53.5984
2.91339,2.21655,-49.3514
2.91339,2.24916,-49.1251
2.91339,2.28177,-10.709
2.91339,2.31438,-9.2027
2.91339,2.34699,-9.23249
2.91339,2.3796,-9.12387
2.946,1.14047,-61.8818
2.946,1.17307,-61.9018
2.946,1.20568,-49.1843
2.946,1.23829,-49.3159
2.946,1.2709,-56.2593
2.946,1.30351,-62.6357
2.946,1.33612,-62.6995
2.946,1.36873,-18.4901
2.946,1.40134,-18.1655
2.946,1.43394,-11.5762
2.946,1.46655,-8.80617
2.946,1.49916,-8.64931
2.946,1.53177,-3.6163
2.946,1.56438,-3.74431
2.946,1.59699,-2.96864
2.946,1.6296,-3.11888
2.946,1.6622,-7.28256
2.946,1.69481,-9.68621
2.946,1.72742,-9.57069
2.946,1.76003,-21.4733
2.946,1.79264,-19.2458
2.946,1.82525,-19.5554
2.946,1.85786,-14.0894
2.946,1.89047,-15.2021
2.946,1.92307,-15.2671
2.946,1.95568,-10.5919
2.946,1.98829,-10.6672
2.946,2.0209,-15.6654
2.946,2.05351,-12.2917
2.946,2.08612,-12.4003
2.946,2.11873,-48.0913
2.946,2.15134,-47.6895
2.946,2.18394,-48.0093
2.946,2.21655,-47.699
2.946,2.24916,-47.3541
2.946,2.28177,-52.2452
2.946,2.31438,-52.0739
2.946,2.34699,-35.2376
2.946,2.3796,-35.3635
2.9786,1.14047,-62.0169
2.9786,1.17307,-62.0295
2.9786,1.20568,-49.2427
2.9786,1.23829,-49.3207
2.9786,1.2709,-58.3463
2.9786,1.30351,-62.631
2.9786,1.33612,-42.6732
2.9786,1.36873,-42.7036
2.9786,1.40134,-62.4737
2.9786,1.43394,-62.3855
2.9786,1.46655,-8.99492
2.9786,1.49916,-9.08949
2.9786,1.53177,-4.10795
2.9786,1.56438,-4.52261
2.9786,1.59699,-4.49768
2.9786,1.6296,-3.58602
2.9786,1.6622,-8.52405
2.9786,1.69481,-8.52612
2.9786,1.72742,-10.0746
2.9786,1.76003,-22.077
2.9786,1.79264,-14.4435
2.9786,1.82525,-14.6023
2.9786,1.85786,-14.3104
2.9786,1.89047,-14.5127
2.9786,1.92307,-19.8462
2.9786,1.95568,-19.7864
2.9786,1.98829,-22.886
2.9786,2.0209,-22.8239
2.9786,2.05351,-22.7859
2.9786,2.08612,-30.2322
2.9786,2.11873,-30.2559
2.9786,2.15134,-63.1726
2.9786,2.18394,-62.8674
2.9786,2.21655,-47.6754
2.9786,2.24916,-39.1775
2.9786,2.28177,-38.9321
2.9786,2.31438,-38.75
2.9786,2.34699,-35.2221
2.9786,2.3796,-35.3868
3.01121,1.14047,-62.1614
3.01121,1.17307,-62.1795
3.01121,1.20568,-62.0602
3.01121,1.23829,-62.1092
3.01121,1.2709,-58.286
3.01121,1.30351,-58.4949
3.01121,1.33612,-62.3919
3.01121,1.36873,-42.3724
3.01121,1.40134,-62.3078
3.01121,1.43394,-58.2751
3.01121,1.46655,-52.8556
3.01121,1.49916,-52.8237
3.01121,1.53177,-18.0638
3.01121,1.56438,-4.70052
3.01121,1.59699,-9.88817
3.01121,1.6296,-9.71852
3.01121,1.6622,-8.51256
3.01121,1.69481,-8.13352
3.01121,1.72742,-8.38428
3.01121,1.76003,-8.65115
3.01121,1.79264,-8.7454
3.01121,1.82525,-22.1312
3.01121,1.85786,-14.3101
3.01121,1.89047,-22.3686
3.01121,1.92307,-22.4525
3.01121,1.95568,-22.2601
3.01121,1.98829,-49.2168
3.01121,2.0209,-49.0241
3.01121,2.05351,-48.9057
3.01121,2.08612,-29.5614
3.01121,2.11873,-29.5184
3.01121,2.15134,-62.4739
3.01121,2.18394,-8.18365
3.01121,2.21655,-7.40803
3.01121,2.24916,-7.25133
3.01121,2.28177,-39.0105
3.01121,2.31438,-38.8917
3.01121,2.34699,-40.9422
3.01121,2.3796,-35.4655
3.04382,1.14047,-62.5959
3.04382,1.17307,-62.5317
3.04382,1.20568,-46.8238
3.04382,1.23829,-46.6926
3.04382,1.2709,-58.2414
3.04382,1.30351,-62.3499
3.04382,1.33612,-62.2806
3.04382,1.36873,-62.3937
3.04382,1.40134,-62.4714
3.04382,1.43394,-58.4486
3.04382,1.46655,-58.5651
3.04382,1.49916,-31.7007
3.04382,1.53177,-18.0932
3.04382,1.56438,-18.9418
3.04382,1.59699,-9.7942
3.04382,1.6296,-9.64674
3.04382,1.6622,-7.48156
3.04382,1.69481,-8.41863
3.04382,1.72742,-8.80819
3.04382,1.76003,-8.97937
3.04382,1.79264,-14.8036
3.04382,1.82525,-22.199
3.04382,1.85786,-23.8943
3.04382,1.89047,-23.9499
3.04382,1.92307,-57.3662
3.04382,1.95568,-57.3109
3.04382,1.98829,-57.083
3.04382,2.0209,-49.8048
3.04382,2.05351,-49.5475
3.04382,2.08612,-14.5814
3.04382,2.11873,-14.3968
3.04382,2.15134,-14.3745
3.04382,2.18394,-7.96193
3.04382,2.21655,-7.51735
3.04382,2.24916,-7.69946
3.04382,2.28177,-8.26887
3.04382,2.31438,-8.26754
3.04382,2.34699,-41.3185
3.04382,2.3796,-41.3636
3.07643,1.14047,-44.0204
3.07643,1.17307,-37.8582
3.07643,1.20568,-47.042
3.07643,1.23829,-62.3972
3.07643,1.2709,-56.2153
3.07643,1.30351,-56.3283
3.07643,1.33612,-62.4545
3.07643,1.36873,-62.6674
3.07643,1.40134,-62.8579
3.07643,1.43394,-62.792
3.07643,1.46655,-53.3088
3.07643,1.49916,-53.0493
3.07643,1.53177,-18.0326
3.07643,1.56438,-18.6469
3.07643,1.59699,-9.26383
3.07643,1.6296,-9.24573
3.07643,1.6622,-7.2398
3.07643,1.69481,-8.1935
3.07643,1.72742,-8.50508
3.07643,1.76003,-20.9895
3.07643,1.79264,-14.7509
3.07643,1.82525,-22.3643
3.07643,1.85786,-23.9478
3.07643,1.89047,-49.6041
3.07643,1.92307,-49.6128
3.07643,1.95568,-49.431
3.07643,1.98829,-49.2492
3.07643,2.0209,-49.0996
3.07643,2.05351,-48.8003
3.07643,2.08612,-9.79253
3.07643,2.11873,-9.81104
3.07643,2.15134,-6.8319
3.07643,2.18394,-7.09875
3.07643,2.21655,-7.78506
3.07643,2.24916,-4.72723
3.07643,2.28177,-4.63058
3.07643,2.31438,-4.39223
3.07643,2.34699,-41.4673
3.07643,2.3796,-11.6398
3.10904,1.14047,-44.2931
3.10904,1.17307,-37.9224
3.10904,1.20568,-16.2496
3.10904,1.23829,-62.3444
3.10904,1.2709,-62.109
3.10904,1.30351,-49.2389
3.10904,1.33612,-49.5461
3.10904,1.36873,-26.0795
3.10904,1.40134,-57.0097
3.10904,1.43394,-57.0267
3.10904,1.46655,-56.8934
3.10904,1.49916,-56.8304
3.10904,1.53177,-56.3594
3.10904,1.56438,-56.05
3.10904,1.59699,-61.9918
3.10904,1.6296,-62.083
3.10904,1.6622,-21.7109
3.10904,1.69481,-22.1492
3.10904,1.72742,-25.9647
3.10904,1.76003,-20.9638
3.10904,1.79264,-21.0597
3.10904,1.82525,-53.8342
3.10904,1.85786,-53.8586
3.10904,1.89047,-54.0124
3.10904,1.92307,-49.6263
3.10904,1.95568,-49.4728
3.10904,1.98829,-53.8182
3.10904,2.0209,-49.4241
3.10904,2.05351,-53.7428
3.10904,2.08612,-53.4665
3.10904,2.11873,-10.2951
3.10904,2.15134,-7.31493
3.10904,2.18394,-5.55449
3.10904,2.21655,-5.78713
3.10904,2.24916,-5.91837
3.10904,2.28177,-4.77262
3.10904,2.31438,-27.5146
3.10904,2.34699,-11.7055
3.10904,2.3796,-11.5637
3.14165,1.14047,-44.4036
3.14165,1.17307,-37.889
3.14165,1.20568,-16.164
3.14165,1.23829,-62.1469
3.14165,1.2709,-13.5256
3.14165,1.30351,-49.2006
3.14165,1.33612,-25.6026
3.14165,1.36873,-25.9109
3.14165,1.40134,-29.6996
3.14165,1.43394,-29.6552
3.14165,1.46655,-53.3313
3.14165,1.49916,-56.7303
3.14165,1.53177,-58.4948
3.14165,1.56438,-58.1267
3.14165,1.59699,-58.1789
3.14165,1.6296,-38.4824
3.14165,1.6622,-38.8306
3.14165,1.69481,-39.1802
3.14165,1.72742,-26.0601
3.14165,1.76003,-26.2009
3.14165,1.79264,-53.6873
3.14165,1.82525,-53.6671
3.14165,1.85786,-53.6189
3.14165,1.89047,-53.6505
3.14165,1.92307,-57.388
3.14165,1.95568,-57.4152
3.14165,1.98829,-54.0037
3.14165,2.0209,-48.1316
3.14165,2.05351,-54.0576
3.14165,2.08612,-53.9688
3.14165,2.11873,-49.42
3.14165,2.15134,-15.1963
3.14165,2.18394,-15.0536
3.14165,2.21655,-6.00175
3.14165,2.24916,-11.6294
3.14165,2.28177,-8.96433
3.14165,2.31438,-27.8031
3.14165,2.34699,-27.4352
3.14165,2.3796,-11.4186
3.17426,1.14047,-15.2711
3.17426,1.17307,-12.7607
3.17426,1.20568,-12.227
3.17426,1.23829,-7.14136
3.17426,1.2709,-13.4023
3.17426,1.30351,-13.3683
3.17426,1.33612,-15.7159
3.17426,1.36873,-25.4227
3.17426,1.40134,-29.2174
3.17426,1.43394,-54.355
3.17426,1.46655,-52.9319
3.17426,1.49916,-53.0783
3.17426,1.53177,-52.9391
3.17426,1.56438,-58.3752
3.17426,1.59699,-52.9007
3.17426,1.6296,-53.1872
3.17426,1.6622,-39.2376
3.17426,1.69481,-39.4903
3.17426,1.72742,-26.212
3.17426,1.76003,-18.3199
3.17426,1.79264,-53.5149
3.17426,1.82525,-53.2247
3.17426,1.85786,-53.0253
3.17426,1.89047,-53.123
3.17426,1.92307,-48.9798
3.17426,1.95568,-49.2096
3.17426,1.98829,-53.8379
3.17426,2.0209,-49.6637
3.17426,2.05351,-49.676
3.17426,2.08612,-54.0375
3.17426,2.11873,-49.3513
3.17426,2.15134,-15.0873
3.17426,2.18394,-15.0366
3.17426,2.21655,-63.225
3.17426,2.24916,-11.7377
3.17426,2.28177,-9.14702
3.17426,2.31438,-27.9958
3.17426,2.34699,-27.407
3.17426,2.3796,-11.459
3.20687,1.14047,-15.4822
3.20687,1.17307,-9.6105
3.20687,1.20568,-8.30428
3.20687,1.23829,-7.36917
3.20687,1.2709,-7.16564
3.20687,1.30351,-15.422
3.20687,1.33612,-15.3898
3.20687,1.36873,-21.1018
3.20687,1.40134,-21.1755
3.20687,1.43394,-53.857
3.20687,1.46655,-53.9506
3.20687,1.49916,-52.7097
3.20687,1.53177,-52.7734
3.20687,1.56438,-58.3273
3.20687,1.59699,-53.1154
3.20687,1.6296,-53.5194
3.20687,1.6622,-51.496
3.20687,1.69481,-51.6526
3.20687,1.72742,-18.6381
3.20687,1.76003,-18.3684
3.20687,1.79264,-14.3223
3.20687,1.82525,-23.9878
3.20687,1.85786,-23.5148
3.20687,1.89047,-55.8695
3.20687,1.92307,-56.3631
3.20687,1.95568,-56.8142
3.20687,1.98829,-43.2199
3.20687,2.0209,-49.4907
3.20687,2.05351,-49.6042
3.20687,2.08612,-7.32008
3.20687,2.11873,-4.31418
3.20687,2.15134,-6.39231
3.20687,2.18394,-8.47345
3.20687,2.21655,-62.834
3.20687,2.24916,-63.2995
3.20687,2.28177,-63.3422
3.20687,2.31438,-63.0724
3.20687,2.34699,-30.172
3.20687,2.3796,-29.8137
3.23947,1.14047,-10.204
3.23947,1.17307,-9.81611
3.23947,1.20568,-8.74441
3.23947,1.23829,-7.77982
3.23947,1.2709,-7.42425
3.23947,1.30351,-7.11033
3.23947,1.33612,-15.3805
3.23947,1.36873,-20.8406
3.23947,1.40134,-18.1055
3.23947,1.43394,-18.1693
3.23947,1.46655,-21.3344
3.23947,1.49916,-21.6677
3.23947,1.53177,-52.796
3.23947,1.56438,-58.5288
3.23947,1.59699,-53.3279
3.23947,1.6296,-53.7079
3.23947,1.6622,-51.4089
3.23947,1.69481,-51.6615
3.23947,1.72742,-18.5911
3.23947,1.76003,-18.1316
3.23947,1.79264,-14.0272
3.23947,1.82525,-31.0808
3.23947,1.85786,-30.5509
3.23947,1.89047,-23.4026
3.23947,1.92307,-24.058
3.23947,1.95568,-24.4224
3.23947,1.98829,-43.0788
3.23947,2.0209,-20.2642
3.23947,2.05351,-20.2577
3.23947,2.08612,-6.94997
3.23947,2.11873,-3.97791
3.23947,2.15134,-6.16161
3.23947,2.18394,-8.30239
3.23947,2.21655,-8.59116
3.23947,2.24916,-46.3572
3.23947,2.28177,-63.3866
3.23947,2.31438,-63.045
3.23947,2.34699,-30.2529
3.23947,2.3796,-29.935
3.27208,1.14047,-8.87049
3.27208,1.17307,-8.58796
3.27208,1.20568,-4.41017
3.27208,1.23829,-4.06273
3.27208,1.2709,-7.76535
3.27208,1.30351,-8.01071
3.27208,1.33612,-6.58496
3.27208,1.36873,-10.3743
3.27208,1.40134,-17.7235
3.27208,1.43394,-19.3519
3.27208,1.46655,-19.7784
3.27208,1.49916,-52.1266
3.27208,1.53177,-52.6304
3.27208,1.56438,-58.4861
3.27208,1.59699,-35.9164
3.27208,1.6296,-46.2215
3.27208,1.6622,-46.4079
3.27208,1.69481,-46.3735
3.27208,1.72742,-8.69576
3.27208,1.76003,-8.11298
3.27208,1.79264,-8.0369
3.27208,1.82525,-30.8307
3.27208,1.85786,-30.6646
3.27208,1.89047,-23.4749
3.27208,1.92307,-23.9004
3.27208,1.95568,-24.3298
3.27208,1.98829,-42.7635
3.27208,2.0209,-7.94494
3.27208,2.05351,-8.0244
3.27208,2.08612,-6.62922
3.27208,2.11873,-3.79212
3.27208,2.15134,-6.04968
3.27208,2.18394,-8.37125
3.27208,2.21655,0.670793
3.27208,2.24916,0.303181
3.27208,2.28177,-63.4095
3.27208,2.31438,-63.1964
3.27208,2.34699,-30.3334
3.27208,2.3796,-12.5741
3.30469,1.14047,-56.7675
3.30469,1.17307,-7.65467
3.30469,1.20568,-7.84758
3.30469,1.23829,-2.63444
3.30469,1.2709,-2.61766
3.30469,1.30351,-8.12346
3.30469,1.33612,-6.70187
3.30469,1.36873,-10.4453
3.30469,1.40134,-9.89018
3.30469,1.43394,-22.6527
3.30469,1.46655,-22.6454
3.30469,1.49916,-51.4677
3.30469,1.53177,-52.1652
3.30469,1.56438,-58.132
3.30469,1.59699,-35.6733
3.30469,1.6296,-35.9918
3.30469,1.6622,-20.1232
3.30469,1.69481,-15.5908
3.30469,1.72742,-15.355
3.30469,1.76003,-7.84507
3.30469,1.79264,-5.21094
3.30469,1.82525,-5.26231
3.30469,1.85786,-5.29312
3.30469,1.89047,-7.65952
3.30469,1.92307,-8.06426
3.30469,1.95568,-8.22444
3.30469,1.98829,0.75447
3.30469,2.0209,0.788559
3.30469,2.05351,0.778634
3.30469,2.08612,7.11277
3.30469,2.11873,7.7546
3.30469,2.15134,7.98722
3.30469,2.18394,7.74298
3.30469,2.21655,0.532648
3.30469,2.24916,-0.497539
3.30469,2.28177,-9.04769
3.30469,2.31438,-8.85313
3.30469,2.34699,-11.8343
3.30469,2.3796,-12.9119
3.3373,1.14047,-55.6823
3.3373,1.17307,-55.9812
3.3373,1.20568,-50.233
3.3373,1.23829,-56.6696
3.3373,1.2709,-7.37167
3.3373,1.30351,-7.48766
3.3373,1.33612,-7.14772
3.3373,1.36873,-10.7562
3.3373,1.40134,-10.0156
3.3373,1.43394,-22.8115
3.3373,1.46655,-9.92785
3.3373,1.49916,-10.2053
3.3373,1.53177,-51.6749
3.3373,1.56438,-57.6179
3.3373,1.59699,-35.18
3.3373,1.6296,-19.3595
3.3373,1.6622,-23.3314
3.3373,1.69481,-26.2
3.3373,1.72742,-26.2198
3.3373,1.76003,-7.3963
3.3373,1.79264,-7.27
3.3373,1.82525,-7.4595
3.3373,1.85786,-5.70654
3.3373,1.89047,-7.61106
3.3373,1.92307,-7.89318
3.3373,1.95568,-7.8441
3.3373,1.98829,1.01982
3.3373,2.0209,1.10664
3.3373,2.05351,1.04392
3.3373,2.08612,7.2944
3.3373,2.11873,7.8795
3.3373,2.15134,7.89518
3.3373,2.18394,5.24257
3.3373,2.21655,5.11026
3.3373,2.24916,-0.285256
3.3373,2.28177,-0.352504
3.3373,2.31438,-11.8845
3.3373,2.34699,-11.791
3.3373,2.3796,-11.8238
3.36991,1.14047,-55.1993
3.36991,1.17307,-47.5449
3.36991,1.20568,-49.8032
3.36991,1.23829,-56.3483
3.36991,1.2709,-56.7736
3.36991,1.30351,-9.21877
3.36991,1.33612,-9.03686
3.36991,1.36873,-7.23717
3.36991,1.40134,-6.51044
3.36991,1.43394,-5.4812
3.36991,1.46655,-5.30587
3.36991,1.49916,-10.081
3.36991,1.53177,-25.4048
3.36991,1.56438,-25.4934
3.36991,1.59699,-25.7653
3.36991,1.6296,-18.7508
3.36991,1.6622,-47.3522
3.36991,1.69481,-47.3717
3.36991,1.72742,-21.2929
3.36991,1.76003,-9.58769
3.36991,1.79264,-9.59928
3.36991,1.82525,-10.147
3.36991,1.85786,-13.4094
3.36991,1.89047,-32.0213
3.36991,1.92307,-8.42791
3.36991,1.95568,-8.18433
3.36991,1.98829,-27.2948
3.36991,2.0209,1.36343
3.36991,2.05351,-2.47556
3.36991,2.08612,-2.59776
3.36991,2.11873,3.60543
3.36991,2.15134,2.93523
3.36991,2.18394,6.06759
3.36991,2.21655,5.93468
3.36991,2.24916,0.133293
3.36991,2.28177,-9.74725
3.36991,2.31438,-9.51704
3.36991,2.34699,-11.1782
3.36991,2.3796,-11.0597
3.40252,1.14047,-54.5434
3.40252,1.17307,-46.9965
3.40252,1.20568,-48.9124
3.40252,1.23829,-55.5613
3.40252,1.2709,-62.1603
3.40252,1.30351,-8.25198
3.40252,1.33612,-8.26544
3.40252,1.36873,-7.44906
3.40252,1.40134,-6.47119
3.40252,1.43394,-6.00057
3.40252,1.46655,-9.12134
3.40252,1.49916,-9.25226
3.40252,1.53177,-20.5038
3.40252,1.56438,-21.7397
3.40252,1.59699,-20.3013
3.40252,1.6296,-51.5651
3.40252,1.6622,-51.4232
3.40252,1.69481,-20.7553
3.40252,1.72742,-20.9148
3.40252,1.76003,-21.3562
3.40252,1.79264,-9.85044
3.40252,1.82525,-12.8015
3.40252,1.85786,-13.2371
3.40252,1.89047,-31.6555
3.40252,1.92307,-13.5038
3.40252,1.95568,-12.7267
3.40252,1.98829,-26.4254
3.40252,2.0209,-1.05584
3.40252,2.05351,-1.55555
3.40252,2.08612,-1.51793
3.40252,2.11873,4.8622
3.40252,2.15134,3.60314
3.40252,2.18394,4.03476
3.40252,2.21655,-0.450251
3.40252,2.24916,-0.890441
3.40252,2.28177,-6.60799
3.40252,2.31438,-22.5384
3.40252,2.34699,-22.8025
3.40252,2.3796,-30.0736
3.43513,1.14047,-2.59033
3.43513,1.17307,-47.664
3.43513,1.20568,-49.6234
3.43513,1.23829,-49.557
3.43513,1.2709,-61.9396
3.43513,1.30351,-7.69931
3.43513,1.33612,-7.71445
3.43513,1.36873,-7.40912
3.43513,1.40134,-6.90004
3.43513,1.43394,-5.62825
3.43513,1.46655,-7.83125
3.43513,1.49916,-7.61303
3.43513,1.53177,-55.4691
3.43513,1.56438,-20.9981
3.43513,1.59699,-55.1467
3.43513,1.6296,-44.0677
3.43513,1.6622,-43.6763
3.43513,1.69481,-43.6751
3.43513,1.72742,-20.7746
3.43513,1.76003,-22.3303
3.43513,1.79264,-22.8582
3.43513,1.82525,-13.1658
3.43513,1.85786,-56.8585
3.43513,1.89047,-53.9754
3.43513,1.92307,-51.2221
3.43513,1.95568,-50.6793
3.43513,1.98829,-26.8912
3.43513,2.0209,-11.7434
3.43513,2.05351,-11.8111
3.43513,2.08612,-2.13051
3.43513,2.11873,3.86011
3.43513,2.15134,3.06138
3.43513,2.18394,-4.90227
3.43513,2.21655,-4.83551
3.43513,2.24916,-1.4268
3.43513,2.28177,-7.1426
3.43513,2.31438,-22.9707
3.43513,2.34699,-30.4943
3.43513,2.3796,-30.5478
3.46774,1.14047,-3.70979
3.46774,1.17307,-3.47921
3.46774,1.20568,-16.5737
3.46774,1.23829,-16.4647
3.46774,1.2709,-40.6964
3.46774,1.30351,-17.8529
3.46774,1.33612,-18.0441
3.46774,1.36873,-8.13638
3.46774,1.40134,-8.13543
3.46774,1.43394,-6.48436
3.46774,1.46655,-6.52063
3.46774,1.49916,-32.3818
3.46774,1.53177,-56.5073
3.46774,1.56438,-45.3009
3.46774,1.59699,-44.9336
3.46774,1.6296,-44.5901
3.46774,1.6622,-55.2539
3.46774,1.69481,-55.321
3.46774,1.72742,-55.8679
3.46774,1.76003,-23.0917
3.46774,1.79264,-62.9149
3.46774,1.82525,-62.7438
3.46774,1.85786,-57.2945
3.46774,1.89047,-57.2648
3.46774,1.92307,-47.4402
3.46774,1.95568,-46.868
3.46774,1.98829,-46.0415
3.46774,2.0209,-45.6714
3.46774,2.05351,-45.7683
3.46774,2.08612,-55.7509
3.46774,2.11873,-56.4395
3.46774,2.15134,-20.9317
3.46774,2.18394,-20.8294
3.46774,2.21655,-5.18171
3.46774,2.24916,-8.76637
3.46774,2.28177,-8.77252
3.46774,2.31438,-8.6119
3.46774,2.34699,-10.8722
3.46774,2.3796,-30.4519
3.50034,1.14047,-3.93659
3.50034,1.17307,-7.22976
3.50034,1.20568,-16.553
3.50034,1.23829,-62.2235
3.50034,1.2709,-62.1725
3.50034,1.30351,-62.385
3.50034,1.33612,-17.8557
3.50034,1.36873,-8.12119
3.50034,1.40134,-9.15993
3.50034,1.43394,-9.43458
3.50034,1.46655,-11.9031
3.50034,1.49916,-32.722
3.50034,1.53177,-48.6915
3.50034,1.56438,-48.4407
3.50034,1.59699,-56.2468
3.50034,1.6296,-55.8942
3.50034,1.6622,-55.608
3.50034,1.69481,-55.6412
3.50034,1.72742,-56.0879
3.50034,1.76003,-10.3243
3.50034,1.79264,-53.3799
3.50034,1.82525,-53.0573
3.50034,1.85786,-53.5477
3.50034,1.89047,-53.2939
3.50034,1.92307,-23.6319
3.50034,1.95568,-52.6136
3.50034,1.98829,-52.0886
3.50034,2.0209,-34.0152
3.50034,2.05351,-34.0031
3.50034,2.08612,-52.5343
3.50034,2.11873,-53.2163
3.50034,2.15134,-53.4945
3.50034,2.18394,-12.2696
3.50034,2.21655,-12.0034
3.50034,2.24916,-8.77248
3.50034,2.28177,-8.34162
3.50034,2.31438,-7.99031
3.50034,2.34699,-10.3052
3.50034,2.3796,-10.5904
3.53295,1.14047,-13.4964
3.53295,1.17307,-6.91926
3.53295,1.20568,-12.1564
3.53295,1.23829,-11.7936
3.53295,1.2709,-61.6091
3.53295,1.30351,-42.6534
3.53295,1.33612,-42.8655
3.53295,1.36873,-17.7447
3.53295,1.40134,-8.97628
3.53295,1.43394,-28.1967
3.53295,1.46655,-28.4652
3.53295,1.49916,-32.9008
3.53295,1.53177,-48.9165
3.53295,1.56438,-62.8264
3.53295,1.59699,-62.456
3.53295,1.6296,-56.2343
3.53295,1.6622,-16.7214
3.53295,1.69481,-16.7146
3.53295,1.72742,-10.095
3.53295,1.76003,-10.3077
3.53295,1.79264,-10.2579
3.53295,1.82525,-36.4788
3.53295,1.85786,-53.1455
3.53295,1.89047,-10.8133
3.53295,1.92307,-10.5957
3.53295,1.95568,-10.3052
3.53295,1.98829,-52.0536
3.53295,2.0209,-33.9987
3.53295,2.05351,-34.3225
3.53295,2.08612,-52.769
3.53295,2.11873,-53.4258
3.53295,2.15134,-16.5797
3.53295,2.18394,-13.4668
3.53295,2.21655,-13.1294
3.53295,2.24916,-8.7045
3.53295,2.28177,-8.02869
3.53295,2.31438,-7.52188
3.53295,2.34699,-9.59777
3.53295,2.3796,-9.95707
3.56556,1.14047,-13.3547
3.56556,1.17307,-12.761
3.56556,1.20568,-24.3453
3.56556,1.23829,-23.6569
3.56556,1.2709,-56.543
3.56556,1.30351,-56.805
3.56556,1.33612,-16.9939
3.56556,1.36873,-17.476
3.56556,1.40134,-20.1953
3.56556,1.43394,-19.2021
3.56556,1.46655,-19.8141
3.56556,1.49916,-19.8833
3.56556,1.53177,-32.6687
3.56556,1.56438,-32.8185
3.56556,1.59699,-32.6005
3.56556,1.6296,-9.71643
3.56556,1.6622,-9.55573
3.56556,1.69481,-5.09408
3.56556,1.72742,-5.14585
3.56556,1.76003,-10.4085
3.56556,1.79264,-14.8638
3.56556,1.82525,-36.6317
3.56556,1.85786,-36.4085
3.56556,1.89047,-9.55282
3.56556,1.92307,-9.45931
3.56556,1.95568,-9.27031
3.56556,1.98829,-8.53942
3.56556,2.0209,-8.7388
3.56556,2.05351,-9.10055
3.56556,2.08612,-10.4796
3.56556,2.11873,-10.7079
3.56556,2.15134,-16.4585
3.56556,2.18394,-16.3964
3.56556,2.21655,-20.7842
3.56556,2.24916,-8.26204
3.56556,2.28177,-7.51842
3.56556,2.31438,-6.94354
3.56556,2.34699,-7.23885
3.56556,2.3796,-7.5578
3.59817,1.14047,-13.1986
3.59817,1.17307,-61.7507
3.59817,1.20568,-60.6813
3.59817,1.23829,-59.6481
3.59817,1.2709,-55.2973
3.59817,1.30351,-47.596
3.59817,1.33612,-54.4867
3.59817,1.36873,-55.2113
3.59817,1.40134,-56.0854
3.59817,1.43394,-19.1752
3.59817,1.46655,-18.7425
3.59817,1.49916,-18.8432
3.59817,1.53177,-32.575
3.59817,1.56438,-32.6869
3.59817,1.59699,-32.5971
3.59817,1.6296,-9.81739
3.59817,1.6622,-2.97017
3.59817,1.69481,-3.06198
3.59817,1.72742,-8.77719
3.59817,1.76003,-8.94643
3.59817,1.79264,-8.75435
3.59817,1.82525,-36.6461
3.59817,1.85786,-17.4023
3.59817,1.89047,-17.1265
3.59817,1.92307,-2.68695
3.59817,1.95568,-4.45236
3.59817,1.98829,-4.48145
3.59817,2.0209,-5.57605
3.59817,2.05351,-5.94142
3.59817,2.08612,-13.3358
3.59817,2.11873,-13.4675
3.59817,2.15134,-13.2399
3.59817,2.18394,-23.7754
3.59817,2.21655,-20.3009
3.59817,2.24916,-19.7883
3.59817,2.28177,-8.27599
3.59817,2.31438,-7.88443
3.59817,2.34699,-7.26718
3.59817,2.3796,-7.34312
3.63078,1.14047,-53.0045
3.63078,1.17307,-61.5694
3.63078,1.20568,-60.115
3.63078,1.23829,-49.174
3.63078,1.2709,-58.0548
3.63078,1.30351,-46.3006
3.63078,1.33612,-47.1449
3.63078,1.36873,-48.2811
3.63078,1.40134,-49.4774
3.63078,1.43394,-62.3059
3.63078,1.46655,-62.7976
3.63078,1.49916,-18.7331
3.63078,1.53177,-8.24871
3.63078,1.56438,-8.1041
3.63078,1.59699,-7.98599
3.63078,1.6296,-1.3564
3.63078,1.6622,-2.53502
3.63078,1.69481,-2.65928
3.63078,1.72742,-6.85817
3.63078,1.76003,-8.99214
3.63078,1.79264,-30.0629
3.63078,1.82525,-19.7342
3.63078,1.85786,-19.3619
3.63078,1.89047,-7.00261
3.63078,1.92307,-2.75106
3.63078,1.95568,-2.60665
3.63078,1.98829,-3.98059
3.63078,2.0209,-5.58951
3.63078,2.05351,-5.85363
3.63078,2.08612,-15.5512
3.63078,2.11873,-13.126
3.63078,2.15134,-56.1011
3.63078,2.18394,-55.7153
3.63078,2.21655,-19.5465
3.63078,2.24916,-12.5403
3.63078,2.28177,-12.2193
3.63078,2.31438,-12.0902
3.63078,2.34699,-7.38348
3.63078,2.3796,-7.36955
3.66339,1.14047,-52.6563
3.66339,1.17307,-51.6447
3.66339,1.20568,-59.9589
3.66339,1.23829,-49.1148
3.66339,1.2709,-57.9685
3.66339,1.30351,-49.8275
3.66339,1.33612,-58.5438
3.66339,1.36873,-59.6351
3.66339,1.40134,-53.4186
3.66339,1.43394,-54.4651
3.66339,1.46655,-13.3793
3.66339,1.49916,-13.735
3.66339,1.53177,-4.31858
3.66339,1.56438,-4.24785
3.66339,1.59699,-4.05888
3.66339,1.6296,-1.38194
3.66339,1.6622,-1.36258
3.66339,1.69481,-6.72532
3.66339,1.72742,-6.8881
3.66339,1.76003,-6.89533
3.66339,1.79264,-62.9816
3.66339,1.82525,-62.7014
3.66339,1.85786,-7.42341
3.66339,1.89047,-6.99426
3.66339,1.92307,-5.57428
3.66339,1.95568,-5.54854
3.66339,1.98829,-3.98052
3.66339,2.0209,-8.42683
3.66339,2.05351,-15.2241
3.66339,2.08612,-15.2649
3.66339,2.11873,-28.7094
3.66339,2.15134,-28.2631
3.66339,2.18394,-55.2766
3.66339,2.21655,-55.2366
3.66339,2.24916,-55.1472
3.66339,2.28177,-12.5886
3.66339,2.31438,-11.2195
3.66339,2.34699,-7.40896
3.66339,2.3796,-7.48728
3.696,1.14047,-52.5129
3.696,1.17307,-35.3275
3.696,1.20568,-60.5588
3.696,1.23829,-59.6266
3.696,1.2709,-58.9656
3.696,1.30351,-46.7226
3.696,1.33612,-46.8266
3.696,1.36873,-59.6368
3.696,1.40134,-53.0732
3.696,1.43394,-61.6602
3.696,1.46655,-62.6214
3.696,1.49916,-13.762
3.696,1.53177,-4.52056
3.696,1.56438,-3.67233
3.696,1.59699,-4.2268
3.696,1.6296,-1.5011
3.696,1.6622,-4.35223
3.696,1.69481,-4.50768
3.696,1.72742,-7.08802
3.696,1.76003,-20.9363
3.696,1.79264,-20.9242
3.696,1.82525,-62.9558
3.696,1.85786,-62.5266
3.696,1.89047,-7.1315
3.696,1.92307,-5.69657
3.696,1.95568,-5.61403
3.696,1.98829,-3.99356
3.696,2.0209,-8.31507
3.696,2.05351,-15.0182
3.696,2.08612,-55.9118
3.696,2.11873,-55.6984
3.696,2.15134,-55.2421
3.696,2.18394,-55.127
3.696,2.21655,-55.2261
3.696,2.24916,-55.3778
3.696,2.28177,-10.7516
3.696,2.31438,-11.518
3.696,2.34699,-11.7493
3.696,2.3796,-7.84985
3.7286,1.14047,-20.9627
3.7286,1.17307,-31.9967
3.7286,1.20568,-31.418
3.7286,1.23829,-60.7369
3.7286,1.2709,-60.2002
3.7286,1.30351,-53.7475
3.7286,1.33612,-53.4296
3.7286,1.36873,-47.6967
3.7286,1.40134,-54.6114
3.7286,1.43394,-55.5716
3.7286,1.46655,-62.4504
3.7286,1.49916,-14.661
3.7286,1.53177,-6.29868
3.7286,1.56438,-6.19657
3.7286,1.59699,-5.98552
3.7286,1.6296,-2.8226
3.7286,1.6622,-2.74674
3.7286,1.69481,-2.90863
3.7286,1.72742,-20.9897
3.7286,1.76003,-21.0261
3.7286,1.79264,-53.6578
3.7286,1.82525,-62.8966
3.7286,1.85786,-62.4504
3.7286,1.89047,-18.8369
3.7286,1.92307,-18.6651
3.7286,1.95568,-18.6352
3.7286,1.98829,-61.9237
3.7286,2.0209,-61.9043
3.7286,2.05351,-61.8725
3.7286,2.08612,-61.7372
3.7286,2.11873,-51.9963
3.7286,2.15134,-55.1898
3.7286,2.18394,-55.1606
3.7286,2.21655,-55.3019
3.7286,2.24916,-14.2118
3.7286,2.28177,-13.1775
3.7286,2.31438,-13.3775
3.7286,2.34699,-7.51746
3.7286,2.3796,-7.70878
3.76121,1.14047,-21.3072
3.76121,1.17307,-25.3388
3.76121,1.20568,-55.7595
3.76121,1.23829,-55.3581
3.76121,1.2709,-60.8721
3.76121,1.30351,-60.3601
3.76121,1.33612,-59.7722
3.76121,1.36873,-59.9414
3.76121,1.40134,-54.7264
3.76121,1.43394,-61.4769
3.76121,1.46655,-62.3562
3.76121,1.49916,-14.4591
3.76121,1.53177,-14.6788
3.76121,1.56438,-6.0759
3.76121,1.59699,-5.8301
3.76121,1.6296,-5.68932
3.76121,1.6622,-6.00086
3.76121,1.69481,-6.23771
3.76121,1.72742,-19.9171
3.76121,1.76003,-19.9669
3.76121,1.79264,-19.833
3.76121,1.82525,-62.7056
3.76121,1.85786,-62.2312
3.76121,1.89047,-62.0364
3.76121,1.92307,-47.8342
3.76121,1.95568,-47.9038
3.76121,1.98829,-21.9963
3.76121,2.0209,-21.9719
3.76121,2.05351,-21.8204
3.76121,2.08612,-15.6939
3.76121,2.11873,-15.4419
3.76121,2.15134,-19.7232
3.76121,2.18394,-22.9082
3.76121,2.21655,-23.1698
3.76121,2.24916,-14.0144
3.76121,2.28177,-14.3013
3.76121,2.31438,-7.24226
3.76121,2.34699,-7.47881
3.76121,2.3796,-7.74204
3.79382,1.14047,-24.3937
3.79382,1.17307,-62.2475
3.79382,1.20568,-55.7903
3.79382,1.23829,-55.326
3.79382,1.2709,-60.817
3.79382,1.30351,-48.1018
3.79382,1.33612,-47.6707
3.79382,1.36873,-47.9051
3.79382,1.40134,-48.428
3.79382,1.43394,-61.2327
3.79382,1.46655,-61.9223
3.79382,1.49916,-14.1035
3.79382,1.53177,-18.5077
3.79382,1.56438,-18.63
3.79382,1.59699,-18.4992
3.79382,1.6296,-9.19941
3.79382,1.6622,-9.20085
3.79382,1.69481,-9.47041
3.79382,1.72742,-8.09558
3.79382,1.76003,-8.21433
3.79382,1.79264,-8.98594
3.79382,1.82525,-8.5512
3.79382,1.85786,-61.9063
3.79382,1.89047,-52.0864
3.79382,1.92307,-51.9413
3.79382,1.95568,-51.9283
3.79382,1.98829,-6.93784
3.79382,2.0209,-6.96878
3.79382,2.05351,-6.93696
3.79382,2.08612,-15.4716
3.79382,2.11873,-2.24054
3.79382,2.15134,-19.4723
3.79382,2.18394,-5.98672
3.79382,2.21655,-6.14245
3.79382,2.24916,-13.6554
3.79382,2.28177,-10.6284
3.79382,2.31438,-10.7772
3.79382,2.34699,-7.29108
3.79382,2.3796,-7.48838
3.82643,1.14047,-23.9275
3.82643,1.17307,-61.8455
3.82643,1.20568,-61.5842
3.82643,1.23829,-57.2851
3.82643,1.2709,-60.6316
3.82643,1.30351,-60.2036
3.82643,1.33612,-59.7317
3.82643,1.36873,-59.7602
3.82643,1.40134,-56.4258
3.82643,1.43394,-57.0145
3.82643,1.46655,-61.5486
3.82643,1.49916,-62.031
3.82643,1.53177,-62.2369
3.82643,1.56438,-18.2843
3.82643,1.59699,-14.8874
3.82643,1.6296,-14.8616
3.82643,1.6622,-9.24358
3.82643,1.69481,-9.36769
3.82643,1.72742,-8.00199
3.82643,1.76003,-8.18702
3.82643,1.79264,-8.92764
3.82643,1.82525,-7.50061
3.82643,1.85786,-6.99639
3.82643,1.89047,-20.4845
3.82643,1.92307,-20.3961
3.82643,1.95568,-20.3688
3.82643,1.98829,-1.23627
3.82643,2.0209,-1.20871
3.82643,2.05351,-1.26202
3.82643,2.08612,1.63796
3.82643,2.11873,-2.46934
3.82643,2.15134,-5.2742
3.82643,2.18394,-5.05784
3.82643,2.21655,-5.26651
3.82643,2.24916,-9.763
3.82643,2.28177,-24.3483
3.82643,2.31438,-24.6606
3.82643,2.34699,-55.7722
3.82643,2.3796,-56.1264
3.85904,1.14047,-23.4888
3.85904,1.17307,-61.3709
3.85904,1.20568,-55.0778
3.85904,1.23829,-54.6191
3.85904,1.2709,-60.4258
3.85904,1.30351,-53.9743
3.85904,1.33612,-53.6692
3.85904,1.36873,-13.6125
3.85904,1.40134,-56.0712
3.85904,1.43394,-39.712
3.85904,1.46655,-40.2429
3.85904,1.49916,-61.5766
3.85904,1.53177,-61.9288
3.85904,1.56438,-12.3696
3.85904,1.59699,-14.6744
3.85904,1.6296,-14.7259
3.85904,1.6622,-11.687
3.85904,1.69481,-11.9354
3.85904,1.72742,-7.99167
3.85904,1.76003,-8.24864
3.85904,1.79264,-8.20674
3.85904,1.82525,-7.30197
3.85904,1.85786,-6.74865
3.85904,1.89047,-11.621
3.85904,1.92307,-11.5012
3.85904,1.95568,-11.3227
3.85904,1.98829,-1.17013
3.85904,2.0209,-1.41931
3.85904,2.05351,1.47092
3.85904,2.08612,1.47745
3.85904,2.11873,1.58362
3.85904,2.15134,-1.72277
3.85904,2.18394,-3.09888
3.85904,2.21655,-5.34747
3.85904,2.24916,-9.93841
3.85904,2.28177,-15.2444
3.85904,2.31438,-55.4615
3.85904,2.34699,-55.927
3.85904,2.3796,-56.3011
3.89165,1.14047,-61.8259
3.89165,1.17307,-61.3335
3.89165,1.20568,-54.9991
3.89165,1.23829,-54.725
3.89165,1.2709,-60.6113
3.89165,1.30351,-60.2095
3.89165,1.33612,-59.945
3.89165,1.36873,-13.8083
3.89165,1.40134,-11.2854
3.89165,1.43394,-11.687
3.89165,1.46655,-6.67596
3.89165,1.49916,-7.0497
3.89165,1.53177,-12.1133
3.89165,1.56438,-12.3074
3.89165,1.59699,-12.4725
3.89165,1.6296,-10.6242
3.89165,1.6622,-12.8761
3.89165,1.69481,-13.1872
3.89165,1.72742,-8.39754
3.89165,1.76003,-8.72318
3.89165,1.79264,-10.1502
3.89165,1.82525,-14.3987
3.89165,1.85786,-11.2807
3.89165,1.89047,-10.7052
3.89165,1.92307,-7.20197
3.89165,1.95568,-7.01675
3.89165,1.98829,-1.54405
3.89165,2.0209,2.5253
3.89165,2.05351,2.33134
3.89165,2.08612,2.91747
3.89165,2.11873,2.53106
3.89165,2.15134,0.77644
3.89165,2.18394,0.856111
3.89165,2.21655,-5.9682
3.89165,2.24916,-10.617
3.89165,2.28177,-7.65863
3.89165,2.31438,-7.69026
3.89165,2.34699,-56.2927
3.89165,2.3796,-56.5467
3.92426,1.14047,-62.1439
3.92426,1.17307,-61.5466
3.92426,1.20568,-55.1495
3.92426,1.23829,-54.9504
3.92426,1.2709,-60.8804
3.92426,1.30351,-60.6999
3.92426,1.33612,-60.318
3.92426,1.36873,-14.3365
3.92426,1.40134,-11.6123
3.92426,1.43394,-11.8649
3.92426,1.46655,-6.72043
3.92426,1.49916,-7.12863
3.92426,1.53177,-11.9116
3.92426,1.56438,-12.2205
3.92426,1.59699,-12.3072
3.92426,1.6296,-10.4563
3.92426,1.6622,-12.7025
3.92426,1.69481,-13.2725
3.92426,1.72742,-13.6037
3.92426,1.76003,-10.2409
3.92426,1.79264,-10.3896
3.92426,1.82525,-14.737
3.92426,1.85786,-11.6284
3.92426,1.89047,-11.2267
3.92426,1.92307,-7.75022
3.92426,1.95568,-7.27921
3.92426,1.98829,2.41207
3.92426,2.0209,2.33739
3.92426,2.05351,2.4152
3.92426,2.08612,3.00197
3.92426,2.11873,2.56456
3.92426,2.15134,0.646305
3.92426,2.18394,0.0934021
3.92426,2.21655,0.0428508
3.92426,2.24916,-7.68869
3.92426,2.28177,-7.76208
3.92426,2.31438,-7.81782
3.92426,2.34699,-7.9167
3.92426,2.3796,-56.4908
